Estefania1,0,2,073506.jpg
Estefania1,0,2,073606.jpg
Estefania1,0,2,073639.jpg
Estefania1,0,2,073715.jpg
Estefania1,0,2,073745.jpg
Estefania1,0,2,073816.jpg
Estefania1,0,2,073846.jpg
Estefania1,0,2,073916.jpg
Estefania1,0,2,073950.jpg
Estefania1,0,2,074020.jpg
Estefania1,0,2,074050.jpg
Estefania1,0,2,074122.jpg
Estefania1,0,2,074152.jpg
Estefania1,0,2,074222.jpg
Estefania1,0,2,074254.jpg
Estefania1,0,2,074324.jpg
Estefania1,0,2,074354.jpg
Estefania1,0,2,074426.jpg
Estefania1,0,2,074456.jpg
Estefania1,0,2,074527.jpg
Estefania1,0,2,074559.jpg
Estefania1,1,3,080043.jpg
Estefania1,1,3,081155.jpg
Estefania1,1,3,081225.jpg
Estefania1,1,3,081356.jpg
Estefania1,1,3,081429.jpg
Estefania1,1,3,081459.jpg
Estefania1,1,3,081529.jpg
Estefania1,1,3,081731.jpg
Estefania1,1,3,081801.jpg
Estefania1,1,3,081831.jpg
Estefania1,1,3,081902.jpg
Estefania1,1,3,082002.jpg
Estefania1,1,3,082034.jpg
Estefania1,1,3,082335.jpg
Estefania1,1,3,082739.jpg
Estefania1,1,3,082810.jpg
Estefania1,1,3,082943.jpg
Estefania1,1,3,083043.jpg
Estefania1,1,3,083115.jpg
Estefania1,1,3,083420.jpg
Estefania1,1,3,083520.jpg
Estefania1,1,3,083652.jpg
Estefania1,1,3,083855.jpg
Estefania1,1,3,083925.jpg
Estefania1,1,3,083955.jpg
Estefania1,1,3,084027.jpg
Estefania1,1,3,084200.jpg
Estefania1,1,3,084230.jpg
Estefania1,1,3,084300.jpg
Estefania1,1,3,084332.jpg
Estefania1,1,3,084402.jpg
Estefania1,1,3,084605.jpg
Estefania1,1,3,084705.jpg
Estefania1,1,3,084806.jpg
Estefania1,1,3,084906.jpg
Estefania1,1,3,085039.jpg
Estefania1,1,3,085211.jpg
Estefania1,1,3,085243.jpg
Estefania1,1,3,085313.jpg
Estefania1,1,3,085343.jpg
Estefania1,1,3,085415.jpg
Estefania1,1,3,085618.jpg
Estefania1,1,3,085648.jpg
Estefania1,2,4,090123.jpg
Estefania1,2,4,090153.jpg
Estefania1,2,4,090159.jpg
Estefania1,2,4,090301.jpg
Estefania1,2,4,090331.jpg
Estefania1,2,4,090401.jpg
Estefania1,2,4,090432.jpg
Estefania1,3,5,091213.jpg
Estefania1,3,5,091313.jpg
Estefania1,3,5,091445.jpg
Estefania1,3,5,091517.jpg
Estefania1,3,5,091717.jpg
Estefania1,3,5,092223.jpg
Estefania1,3,5,092325.jpg
Estefania1,3,5,092427.jpg
Estefania1,3,5,092457.jpg
Estefania1,3,5,092527.jpg
Estefania1,3,5,092559.jpg
Estefania1,3,5,092730.jpg
Estefania1,3,5,092931.jpg
Estefania1,3,5,093002.jpg
Estefania1,3,5,093034.jpg
Estefania1,3,5,093235.jpg
Estefania1,3,5,093608.jpg
Estefania1,3,5,093811.jpg
Estefania1,3,5,093912.jpg
Estefania1,4,6,094014.jpg
Estefania1,4,6,094044.jpg
Estefania1,4,6,094114.jpg
Estefania1,4,6,094146.jpg
Estefania1,4,6,094216.jpg
Estefania1,4,6,094246.jpg
Estefania1,4,6,094318.jpg
Estefania1,4,6,094348.jpg
Estefania1,5,7,094449.jpg
Estefania1,5,7,094549.jpg
Estefania1,6,8,115513.jpg
Estefania1,6,8,115544.jpg
Estefania1,6,8,115614.jpg
Estefania1,6,8,115711.jpg
Estefania1,6,8,115741.jpg
Estefania1,6,8,115913.jpg
Estefania1,6,8,115945.jpg
Estefania1,6,8,120016.jpg
Estefania1,6,8,120046.jpg
Estefania1,6,8,120119.jpg
Estefania1,6,8,120149.jpg
Estefania1,6,8,120219.jpg
Estefania1,6,8,120250.jpg
Estefania1,6,8,120320.jpg
Estefania1,6,8,120351.jpg
Estefania1,6,8,120423.jpg
Estefania1,6,8,120453.jpg
Estefania1,6,8,120523.jpg
Estefania1,6,8,120554.jpg
Estefania1,6,8,120654.jpg
Estefania1,6,8,120727.jpg
Estefania1,6,8,120757.jpg
Estefania1,7,10,151934.jpg
Estefania1,7,10,152004.jpg
Estefania1,7,10,152034.jpg
Estefania1,7,10,152105.jpg
Estefania1,7,10,152135.jpg
Estefania1,7,10,152205.jpg
Estefania1,7,10,153048.jpg
Estefania1,7,10,153149.jpg
Estefania1,7,10,154152.jpg
Estefania1,7,10,154930.jpg
Estefania1,8,11,155304.jpg
Estefania1,8,11,155335.jpg
Estefania1,8,11,155435.jpg
Estefania1,8,11,155507.jpg
Estefania1,8,11,155531.jpg
Estefania1,8,11,155600.jpg
Estefania1,8,11,155632.jpg
Estefania1,8,11,155702.jpg
Estefania1,8,11,155803.jpg
Estefania1,8,11,155833.jpg
Estefania1,8,11,160111.jpg
Estefania1,8,11,160141.jpg
Estefania1,8,11,160211.jpg
Estefania1,9,13,161020.jpg
Estefania1,9,13,161050.jpg
Estefania1,9,13,161104.jpg
Estefania1,9,13,161134.jpg
Estefania1,9,13,161206.jpg
Estefania1,9,13,161237.jpg
Estefania1,9,13,161307.jpg
Estefania1,9,13,161338.jpg
Estefania1,9,13,161408.jpg
Estefania1,9,13,161438.jpg
Estefania1,9,13,161510.jpg
Estefania1,9,13,161540.jpg
Estefania1,9,13,161611.jpg
Estefania1,9,13,161642.jpg
Estefania1,9,13,161712.jpg
Estefania1,9,13,161742.jpg
Estefania1,9,13,161813.jpg
Estefania1,9,13,161841.jpg
Estefania1,9,13,161911.jpg
Estefania1,9,13,161941.jpg
Estefania1,9,13,162013.jpg
Estefania1,9,13,162043.jpg
Estefania1,9,13,162113.jpg
Estefania1,9,13,162145.jpg
Estefania1,9,13,162215.jpg
Estefania1,9,13,162245.jpg
Estefania1,9,13,162317.jpg
Estefania1,9,13,162347.jpg
Estefania1,9,13,162417.jpg
Estefania1,9,13,162448.jpg
Estefania1,9,13,162518.jpg
Estefania1,9,13,162548.jpg
Estefania1,9,13,162617.jpg
Estefania1,9,13,162647.jpg
Estefania1,9,13,162717.jpg
Estefania1,9,13,162748.jpg
Estefania1,9,13,162818.jpg
Estefania1,9,13,162919.jpg
Estefania1,9,13,163052.jpg
Estefania1,9,13,163122.jpg
Estefania1,9,13,163224.jpg
Estefania1,9,13,163759.jpg
Estefania1,9,13,163830.jpg
Estefania1,9,13,163900.jpg
Estefania1,9,13,164002.jpg
Estefania1,9,13,164032.jpg
Estefania1,9,13,164102.jpg
Estefania1,9,13,164134.jpg
Estefania1,9,13,164205.jpg
Estefania1,9,13,164306.jpg
Estefania1,9,13,164336.jpg
Estefania1,9,13,164741.jpg
Estefania1,10,14,165317.jpg
Estefania1,10,14,165348.jpg
Estefania1,10,14,165639.jpg
Estefania1,11,15,170743.jpg
Estefania1,11,15,170816.jpg
Estefania1,11,15,171221.jpg
Estefania1,11,15,171324.jpg
Estefania1,11,15,171426.jpg
Estefania1,11,15,171456.jpg
Estefania1,11,15,171526.jpg
Estefania1,11,15,171659.jpg
Estefania1,11,15,171801.jpg
Estefania1,11,15,171831.jpg
Estefania1,11,15,171933.jpg
Estefania1,11,15,172004.jpg
Estefania1,11,15,172136.jpg
Estefania1,11,15,172207.jpg
Estefania1,12,16,172440.jpg
Estefania1,12,16,172542.jpg
Estefania1,12,16,172722.jpg
Estefania1,12,16,172956.jpg
Estefania1,12,16,173025.jpg
Estefania1,12,16,173401.jpg
Estefania1,12,16,175308.jpg
Estefania1,12,16,175408.jpg